ActorAppear,ActorIndicator,Coef,Variable
1,1,-0.0374132128751,Aaron Eckhart
1,1,-0.00170592054113,Aaron Paul
1,1,-0.0692347643566,Aaron Trainor
2,1,0.0562518979185,Aasif Mandvi
1,1,0.0401229524719,Abdul Alshawish
1,1,-0.0455060434907,Abe Vigoda
1,1,0.000687804266797,Abella Wyss
2,1,-0.0462069150042,Abigail Breslin
1,1,0.0330941036236,Abigail Spencer
1,1,0.0133428611367,Adam Arkin
2,1,-0.233309441265,Adam Campbell
1,1,0.0195146364295,Adam Goldberg
1,1,0.0207373158444,Adam Hendershott
1,1,0.0429314280697,Adam Rodriguez
1,1,-0.0495497512442,Adam Rose
3,1,0.0619102138521,Adam Sandler
1,1,0.0188744604889,Adam Scott
1,1,-0.0692347643566,Adam Trese
1,1,-0.0229880191937,Addison Timlin
2,1,-0.0216618789997,Adrian Grenier
1,1,-0.00189568649786,Adriana Biasi
1,1,0.0516815298117,Adrienne Shelly
1,1,0.0393355469559,Aida Linares
1,1,0.113513430903,Aidan Quinn
1,1,0.0244556835558,Aimee Garcia
1,1,0.0353203348093,Alan Aisenberg
2,1,-0.0245332308836,Alan Alda
1,1,0.0188744604889,Alan Devlin
2,1,-0.00791681703646,Alanna Ubach
1,1,-0.0229009279758,Alberta Watson
4,1,0.0465534704985,Alec Baldwin
1,1,0.0077374771015,Alex D. Linz
1,1,-0.016776618215,Alex Hyde-White
1,1,-0.013714079808,Alex Macqueen
1,1,-0.0144126437274,Alex O'Loughlin
1,1,-0.0260950358193,Alex Rocco
1,1,-0.00846018455138,Alexa Kenin
1,1,0.0288441789525,Alexander Martin
1,1,-0.000980772980967,Alexandra Breckenridge
1,1,0.0428393647142,Alexandra Wentworth
1,1,0.00848902302116,Alexis Arquette
1,1,0.0285123021886,Alexis Clagett
2,1,-0.0183026299882,Alexis Dziena
1,1,0.0551133607728,Alexis Knapp
1,1,-0.0558445625531,Ali Hillis
2,1,-0.00077599711469,Ali Larter
1,1,-0.0277935442413,Alia Rhiana Eckerman
1,1,-0.0028227109307,Alice Eve
1,1,-0.0189653618788,Alicia Keys
1,1,0.0393355469559,Alicia Silverstone
1,1,0.0160359896784,Alicia Witt
1,1,-0.0118916035023,Alison Brie
1,1,0.0300466175171,Allan Houston
2,1,0.0220392924975,Allen Covert
1,1,0.0380209227373,Allison Janney
1,1,-0.00559538507082,Ally Walker
1,1,0.0372221975287,Aly Michalka
3,1,-0.234372296867,Alyson Hannigan
5,1,-0.0298445726837,Amanda Bynes
1,1,-0.000980772980967,Amanda Crew
2,1,-0.0185183415513,Amanda Detmer
1,1,-0.0181621995538,Amanda Fairbank-Hynes
2,1,0.0368447836855,Amanda Peet
2,1,0.00258010025708,Amanda Seyfried
1,1,0.0133428611367,Amber Valletta
1,1,0.00835112184248,Ameet Chana
1,1,0.0248915094272,America Ferrera
1,1,-0.0688151631122,Amerie
2,1,0.0386074930663,Amy Adams
1,1,0.0295112560098,Amy Brooks
1,1,0.0135502694763,Amy Hill
1,1,0.00935297175614,Amy Matysio
1,1,-0.0766769387864,Amy Sedaris
2,1,-0.0068685025955,Amy Smart
1,1,-0.016776618215,Amy Yasbeck
1,1,0.0184028924864,An Nguyen
2,1,0.0834442761512,Analeigh Tipton
3,1,-0.0295431381603,Andie MacDowell
1,1,0.00598015889327,Andrea Avery Ray
1,1,0.0294548095791,Andrew Cherry
1,1,-0.00846018455138,Andrew Dice Clay
1,1,0.0386660458997,Andrew Keegan
1,1,-0.00846018455138,Andrew McCarthy
1,1,-0.0720201271037,Andrew Rannells
1,1,0.00547689969788,Andrew Wyatt
1,1,0.0394242030078,André the Giant
1,1,-0.0429756768202,Andy Dick
1,1,0.0516815298117,Andy Griffith
1,1,-0.0949570255197,Andy Richter
2,1,0.0380437802797,Andy Samberg
1,1,6.37064216485e-05,Andy Serkis
1,1,0.0330941036236,Angela Bassett
1,1,0.00848902302116,Angela Featherstone
1,1,0.0165514201462,Angela Paton
1,1,0.0269239182211,Angelina Jolie
1,1,0.0248915094272,Anjelah Johnson-Reyes
3,1,-0.0959391783367,Anjelica Huston
1,1,0.0551133607728,Anna Camp
1,1,-0.047455180801,Anna Chancellor
4,1,-0.0377651920026,Anna Faris
2,1,0.035539572751,Anna Kendrick
1,1,0.0077374771015,Anna Maria Horsford
1,1,-0.0382043804709,Anna Paquin
1,1,-0.0720201271037,Anna Rose Hopkins
1,1,-0.00338784806954,Annabella Sciorra
1,1,-0.0460983857567,Anne Archer
3,1,-0.0376622955669,Anne Hathaway
1,1,-0.0393542932606,Anne Twomey
2,1,0.0176189499317,Annie Parisse
1,1,-0.00846018455138,Annie Potts
1,1,-0.0148656721072,Anson Mount
1,1,-0.0144126437274,Anthony Anderson
1,1,0.113513430903,Anthony Edwards
1,1,0.0165674904032,Anthony Michael Hall
1,1,0.0482785470223,Antoinette Valente
1,1,-0.00664293650068,Antony Sher
2,1,0.0285827233878,Anupam Kher
1,1,0.00835112184248,Archie Panjabi
3,1,0.0846861448134,Ari Graynor
1,1,-0.030943891978,Aria Wallace
1,1,-0.0126685071949,Arielle Kebbel
1,1,-0.0374132128751,Arija Bareikis
1,1,-0.0126685071949,Ashanti
1,1,-0.0263216285471,Ashley Johnson
1,1,0.0403407642354,Ashley Judd
1,1,0.00455538002455,Ashley Lilley
1,1,-0.0109582290513,Ashley Williams
6,1,-0.156951219992,Ashton Kutcher
1,1,-0.00189568649786,Aubrey Dollar
1,1,0.0465529984414,Aubrey Plaza
1,1,0.011018748029,Ava-Marie London
1,1,0.0398709213546,Bailee Madison
1,1,0.026012347447,Balázs Koós
1,1,-0.0136145637374,Barbara James Smith
1,1,-0.0384889781274,Barbra Streisand
1,1,0.0465529984414,Basil Harris
1,1,0.0195146364295,Bebe Neuwirth
1,1,0.032740002462,Ben Carr
1,1,0.0482785470223,Ben Chaplin
1,1,-0.0195737880218,Ben Falcone
1,1,-0.030943891978,Ben Feldman
1,1,0.0345958684004,Ben Foster
1,1,-0.0229009279758,Ben Miller
1,1,0.0551133607728,Ben Platt
1,1,0.0300973055445,Ben Shenkman
5,1,-0.0991284313307,Ben Stiller
1,1,-0.00129457635669,Benjamin Bratt
1,1,0.0371648297744,Beth Littleford
2,1,-0.0184448657825,Betty White
1,1,-0.0378250302716,Beverly D'Angelo
1,1,0.124336289805,Bill Duke
2,1,-0.0307845927312,Bill Hader
2,1,0.109822449038,Bill Murray
1,1,0.0312165421665,Bill Nighy
2,1,-0.0264510747076,Bill Pullman
1,1,0.124336289805,Bill Weeden
1,1,-0.000155505530644,Billy Crystal
1,1,0.0244556835558,Birdie M. Hale
1,1,0.0184028924864,Blake Benitez
1,1,0.0135502694763,Blake Clark
1,1,0.012113460088,Blake Shields
1,1,0.0165674904032,Blanche Baker
3,1,0.0119721909911,Blythe Danner
2,1,0.055857816017,Bob Balaban
1,1,-0.0190193140282,Bob Dishy
1,1,0.0184028924864,Bob Wiltfong
1,1,-0.00989367947237,Bonnie Hunt
1,1,0.0120147983201,Bonnie Somerville
1,1,0.00547689969788,Brad Garrett
6,1,0.0392706987897,Bradley Cooper
1,1,-0.0384889781274,Bradley Pickren
1,1,0.157148324532,Bradley Whitford
1,1,0.00418991681751,Brecken Palmer
2,1,-0.00676283880082,Breckin Meyer
2,1,-0.0578935414465,Bree Turner
1,1,-0.0485271573844,Brendan Penny
1,1,0.012113460088,Brendon Ryan Barrett
1,1,-0.138805499933,Brent Spiner
1,1,-0.0181621995538,Brett Cullen
1,1,-0.0416602329704,Brian Dennehy
1,1,0.0165514201462,Brian Doyle-Murray
1,1,-0.0429756768202,Brian George
1,1,-0.017642284873,Brian Hooks
1,1,-0.020039280755,Brian Kerwin
1,1,-0.0486772830815,Brian Kolodziej
1,1,0.0604139798236,Brian Price
1,1,-0.00806525090342,Brian White
1,1,0.00418991681751,Bridger Palmer
1,1,-0.0998925319718,Bridget Brown
1,1,0.0401229524719,Bridget Moynahan
1,1,-0.0260950358193,Bridgette Wilson-Sampras
1,1,0.011018748029,Brie Larson
1,1,-0.020039280755,Brigitte Bourdeau
1,1,-0.00338784806954,Briony Glassco
4,1,-0.0811309810658,Brittany Murphy
2,1,0.0424448535779,Brittany Snow
1,1,0.0285123021886,Brooke Clagett
1,1,-0.0148656721072,Brooke Smith
1,1,0.00547689969788,Brooke Tansley
2,1,0.0202971333328,Brooklyn Decker
1,1,-0.0416602329704,Bruce Davison
1,1,-0.000519507927029,Bruce McGill
2,1,0.0477649854015,Bruce Willis
1,1,-0.000155505530644,Bruno Kirby
1,1,-0.055848002795,Bryan Anthony
1,1,-0.0190193140282,Bryan Brown
3,1,-0.066833626433,Bryan Greenberg
1,1,0.0285123021886,Brynn Clagett
1,1,-0.0374132128751,Brían F. O'Byrne
1,1,0.00722710133619,Busy Philipps
1,1,0.0197330325774,C. Gerod Harris
1,1,0.113513430903,Callan McAuliffe
1,1,0.0372221975287,Cam Gigandet
7,1,0.000256398911709,Cameron Diaz
1,1,0.0262582976495,Cameron Dye
1,1,-0.0148656721072,Candice Azzara
4,1,-0.070786983833,Candice Bergen
1,1,-0.0208556896368,Carey Lowell
1,1,0.0579100172388,Carla Bruni
1,1,0.0165674904032,Carlin Glynn
2,1,-0.0256933336452,Carlos Mencia
1,1,-0.0699083397666,Carlos Ponce
1,1,0.0282571577434,Carly Hatter
1,1,-0.221417837762,Carmen Electra
2,1,0.15443359535,Caroline Aaron
1,1,-0.030943891978,Caroline Rhea
1,1,-0.000155505530644,Carrie Fisher
1,1,-0.0186165984987,Carrie Preston
1,1,-0.030943891978,Carson Kressley
3,1,-0.00455606953718,Cary Elwes
1,1,-0.0165707052023,Casey Wilson
1,1,0.0403407642354,Catherine Dent
1,1,-0.015266794875,Catherine Keener
2,1,0.0162785371192,Catherine O'Hara
1,1,0.0429314280697,Catherine Shu
4,1,0.0254694034328,Catherine Zeta-Jones
1,1,0.0107203157725,Celia Imrie
1,1,-0.0195737880218,Chace Crawford
1,1,0.00598015889327,Chad Michael Murray
2,1,0.0259589063201,Channing Tatum
1,1,0.0288441789525,Channon Roe
1,1,0.0077374771015,Charles Durning
1,1,-0.0260950358193,Charles Kimbrough
2,1,0.0488690229397,Charles Walker
1,1,-0.020039280755,Charli Barcena
1,1,0.0307652594689,Charlie Day
1,1,0.0288441789525,Charlie Korsmo
1,1,0.0248915094272,Charlie Murphy
1,1,-0.0279323587527,Charlotte Coleman
1,1,-0.00927605408293,Charlotte Marshall-Fricker
1,1,0.157148324532,Charlotte Ray Rosenberg
1,1,-0.0119409183763,Charlyne Yi
1,1,0.0107203157725,Charmian May
1,1,-0.055848002795,Chelsea Bond
1,1,0.0330941036236,Chelsea Handler
2,1,0.0636963281318,Cheryl Hines
1,1,-0.0277935442413,Chihiro Fujii
1,1,-0.00320557905469,China Chow
1,1,0.0193577669299,Chloë Grace Moretz
1,1,-0.0393681322748,Chris Carmack
1,1,-0.0766769387864,Chris Eigeman
2,1,-0.0357570148149,Chris Elliott
1,1,-0.0108119697399,Chris Evans
2,1,-0.0157149474367,Chris Klein
2,1,-0.0393243113254,Chris Marquette
1,1,0.00722710133619,Chris Messina
2,1,-0.0586970128943,Chris Noth
2,1,-0.0368142361429,Chris Pine
4,1,-0.017856372911,Chris Pratt
1,1,0.032740002462,Chris Rehmann
1,1,-0.0195737880218,Chris Rock
1,1,0.0394242030078,Chris Sarandon
1,1,0.0202316015453,Chris Tucker
1,1,6.37064216485e-05,Christa B. Allen
2,1,-0.0118308231458,Christian Kane
2,1,-0.0250827433261,Christina Applegate
1,1,-0.047455180801,Christina Cole
1,1,0.0121173964798,Christina Eleusiniotis
1,1,0.0285123021886,Christina Hendricks
1,1,0.00848902302116,Christina Pickles
1,1,0.0328492423215,Christina Ricci
1,1,-0.0495497512442,Christine Baranski
1,1,-0.0692347643566,Christine Chatelain
2,1,-0.00903395722398,Christine Taylor
1,1,0.0394242030078,Christopher Guest
1,1,-0.0186165984987,Christopher Masterson
3,1,-0.0256508847947,Christopher McDonald
1,1,-0.010229401022,Christopher Walken
1,1,-0.00806525090342,Claire Danes
1,1,0.012113460088,Claire Forlani
2,1,0.0233522453771,Clark Gregg
1,1,0.0462794463769,Clifford LeDuc-Vaillancourt
1,1,-0.0457528006674,Cole Hauser
1,1,0.00455538002455,Colin Davis
1,1,-0.0109582290513,Colin Egglesfield
1,1,0.00361891112546,Colin Ferguson
4,1,-0.000962942837448,Colin Firth
3,1,-0.00493508241232,Colin Hanks
2,1,0.0441971872915,Common
1,1,0.0462794463769,Cory Hardrict
1,1,-0.0181621995538,Cory Monteith
1,1,-0.0073160015975,Courtney Gains
2,1,0.0128663122057,Craig T. Nelson
1,1,-0.0303781812423,Cress Williams
1,1,0.0207373158444,Crystal Hunt
1,1,-0.00989367947237,Cuba Gooding Jr.
2,1,0.129395203616,Cynthia Nixon
1,1,-0.000152791091833,Da'Vone McDonald
1,1,-0.00394114330254,Dabney Coleman
1,1,0.0263832821262,Damon Wayans
1,1,0.0135502694763,Dan Aykroyd
2,1,0.0432023564219,Dan Byrd
1,1,0.00151883625277,Dan Fogler
1,1,0.0393355469559,Dan Hedaya
1,1,0.00547689969788,Dan McMillan
1,1,0.026012347447,Dan Warry-Smith
1,1,0.124336289805,Dan'l Linehan
1,1,0.0353203348093,Dana DeVestern
1,1,0.0184028924864,Dana Eskelson
1,1,0.0160359896784,Dana Ivey
2,1,-0.0197227490806,Dane Cook
1,1,0.0380209227373,Daniel Clark
1,1,0.0462794463769,Daniel Rindress-Kay
1,1,0.0269396793011,Daniel Scott Lumpkin Jr.
1,1,0.00547689969788,Daniel Stewart Sherman
2,1,-0.0364121065508,Daniel Sunjata
1,1,-0.020039280755,Danielle Skraastad
1,1,-0.0144126437274,Danneel Ackles
1,1,-0.000660345115203,Danny DeVito
1,1,-0.0699083397666,Danny Jones
1,1,0.0555299992836,Danny Masterson
1,1,-0.0505848430723,Danny McBride
1,1,0.0207373158444,Danny Strong
1,1,-0.0429756768202,Danny Woodburn
1,1,0.0516815298117,Darby Stanchfield
1,1,-0.00197527976747,Dario Conti
1,1,0.0263832821262,Daryl Hannah
1,1,0.0386660458997,Daryl Mitchell
1,1,-0.00394114330254,Dave Chappelle
1,1,0.0462794463769,Dave Franco
1,1,0.0398709213546,Dave Matthews
1,1,-0.0387547413669,David Agranov
1,1,-0.0303781812423,David Arquette
1,1,0.124336289805,David Bailey
1,1,-0.0279323587527,David Bower
1,1,-0.000155505530644,David Burdick
2,1,0.0410528719193,David Cross
1,1,-0.0277531209163,David Eigenberg
1,1,0.0160359896784,David Haig
1,1,-0.00339270062994,David Koechner
1,1,0.0386660458997,David Krumholtz
1,1,0.0465529984414,David Leo Schultz
1,1,0.00968627920589,David Marshall Grant
1,1,-0.0387547413669,David Moscow
2,1,-0.00789712505504,David Paymer
1,1,-0.0387547413669,David Rasche
1,1,-0.017642284873,David Roberts
1,1,0.012113460088,David Smigelski
1,1,0.0401229524719,David Sparrow
1,1,-0.00189568649786,David Younger
3,1,-0.015378864192,Dax Shepard
1,1,0.011018748029,Dayo Okeniyi
1,1,-0.0175229802451,DeRay Davis
1,1,0.00418991681751,Dean Collins
1,1,0.0292109051469,Dean Winters
1,1,0.0262582976495,Deborah Foreman
1,1,-0.0558445625531,Deborah Theaker
1,1,-0.0028227109307,Debra Jo Rupp
2,1,0.000713718549133,Debra Messing
1,1,0.00357978700326,Deirdre O'Connell
1,1,-0.0263216285471,Delta Burke
1,1,0.00151883625277,Demetri Martin
1,1,0.0209315631091,Denis O'Hare
1,1,0.00357978700326,Dennis Farina
4,1,-0.0107015884903,Dennis Quaid
3,1,-0.00694881682477,Dermot Mulroney
1,1,0.0248915094272,Diana Maria Riva
1,1,-0.00339270062994,Diana Scarwid
3,1,0.00794276035168,Diane Keaton
1,1,0.0300973055445,Dina Spybey-Waters
1,1,0.0232529277396,Diora Baird
1,1,0.0188744604889,Dominique McElligott
1,1,0.0300973055445,Donal Logue
1,1,0.0393355469559,Donald Faison
1,1,-0.017642284873,Donald Sutherland
1,1,-0.0486772830815,Donna Bullock
1,1,-0.0189653618788,Donna Murphy
2,1,-0.0335137615658,Dorian Missick
1,1,-0.0998925319718,Douglas Booth
1,1,0.043526666712,Dougray Scott
5,1,0.065953037436,Drew Barrymore
1,1,-0.0384889781274,Dustin Hoffman
1,1,-0.0688151631122,Dwayne Adway
1,1,0.0247297537594,Dwight Howard
1,1,-0.00795357555633,Dwight Yoakam
1,1,-0.00180631047744,Dylan Moran
1,1,0.0179530546451,Ebon Moss-Bachrach
2,1,0.0237838986605,Ed Begley Jr.
1,1,-0.221417837762,Eddie Griffin
1,1,0.0516815298117,Eddie Jemison
1,1,-0.0250679191928,Eddie Kaye Thomas
1,1,0.0165674904032,Edward Andrews
2,1,0.0726166957249,Edward Burns
2,1,0.0783670344687,Edward Herrmann
1,1,0.0932710288921,Edward Norton
1,1,-0.0429756768202,Efren Ramirez
1,1,-0.047455180801,Eileen Atkins
1,1,0.0380209227373,Eileen Pedde
1,1,0.0060557423809,Elaine Kao
1,1,-0.0382043804709,Elden Henson
1,1,0.0456927775038,Eli Wallach
2,1,0.110592080152,Elijah Wood
1,1,-0.016776618215,Elinor Donahue
1,1,0.0393355469559,Elisa Donovan
1,1,-0.0722364662828,Elisabeth Moss
1,1,-0.0229009279758,Elisabeth Waterston
1,1,-0.0486772830815,Elisha Cuthbert
1,1,-0.0108119697399,Eliza Coupe
2,1,-0.0348405828968,Elizabeth Banks
1,1,0.0262582976495,Elizabeth Daily
1,1,-0.00806525090342,Elizabeth Reaser
2,1,-0.00174037800081,Ellen Albertini Dow
1,1,0.0403407642354,Ellen Barkin
1,1,0.0077374771015,Ellen Greene
1,1,0.0380209227373,Ellen Page
1,1,-0.0486772830815,Emile Hirsch
1,1,-0.0148656721072,Emilio Mignucci
2,1,-0.00220532429639,Emily Blunt
1,1,0.026012347447,Emily Hampshire
1,1,0.00722710133619,Emily Nelson
1,1,0.0456927775038,Emma Pritchard
4,1,-0.00953638872527,Emma Stone
1,1,0.0312165421665,Emma Thompson
1,1,-0.0692347643566,Emmanuelle Vaugier
1,1,0.124336289805,Eric Axen
3,1,0.0366228112797,Eric Christian Olsen
1,1,-0.035139908736,Eric Dane
1,1,-0.0374132128751,Eric Silver
1,1,0.0120147983201,Eric Winter
1,1,0.0288441789525,Erik Palladino
1,1,-0.00320557905469,Erin-Marie Dykeman
1,1,-0.00129457635669,Ernie Hudson
1,1,0.0551133607728,Ester Dean
2,1,0.021528177355,Ethan Embry
2,1,0.0150550332791,Eugene Levy
1,1,-0.0558445625531,Eva Longoria
1,1,0.0133428611367,Eva Mendes
1,1,-0.0277531209163,Evan Handler
1,1,-0.0229880191937,Evelina Turen
1,1,-0.017642284873,Ewen Bremner
1,1,-0.0393542932606,Faith Prince
1,1,-0.0699083397666,Faizon Love
1,1,0.0563483279935,Falk Hentschel
1,1,-0.0126685071949,Fatso-Fasano
1,1,-0.0313481582056,Faye Grant
1,1,-0.00879370212911,Felicity Huffman
1,1,0.0107203157725,Felicity Montagu
1,1,-0.0998925319718,Felix Dayan
1,1,-0.0136145637374,Ferron Guerreiro
1,1,-0.00927605408293,Fiona Choi
1,1,0.0184028924864,Fiona Lane
1,1,0.0555299992836,Fionnula Flanagan
1,1,0.0248915094272,Forest Whitaker
2,1,-0.0902915025238,Frances Conroy
1,1,0.0300466175171,Frances Fisher
2,1,0.105660129022,Frances McDormand
1,1,0.00835112184248,Frank Harper
1,1,0.00399447844724,Frankie Faison
1,1,0.0328827748477,François Cluzet
1,1,-0.0279181186578,Fred Armisen
1,1,0.00935297175614,Fred Ewanuick
1,1,0.0394242030078,Fred Savage
2,1,-0.0489762345679,Fred Ward
4,1,-0.26049772373,Fred Willard
4,1,-0.070956732408,Freddie Prinze Jr.
2,1,-0.00930637868476,Gabriel Macht
1,1,0.0386660458997,Gabrielle Union
1,1,-0.00197527976747,Gael García Bernal
1,1,-0.000519507927029,Gailard Sartain
1,1,-0.0303781812423,Garry Marshall
1,1,-0.0162214743516,Gary Cole
1,1,0.048794353325,Gary Owen
1,1,0.012113460088,Gay Thomas Wilson
1,1,0.0165674904032,Gedde Watanabe
1,1,0.0107203157725,Gemma Jones
1,1,-0.0109582290513,Geoff Pierson
1,1,0.0193577669299,Geoffrey Arend
1,1,-0.00664293650068,Geoffrey Rush
1,1,0.0077374771015,George Clooney
2,1,-0.0584313333009,George Segal
1,1,0.0330941036236,George Touliatos
1,1,-0.0189653618788,Georgina Chapman
4,1,-0.00763624351037,Gerard Butler
1,1,-0.015266794875,Gerry Bednob
1,1,0.0420336449002,Gerry Robert Byrne
1,1,0.00935297175614,Giacomo Beltrami
1,1,0.0292109051469,Gina Gershon
2,1,-0.027179703403,Ginnifer Goodwin
1,1,-0.0495497512442,Gio Perez
1,1,-0.00197527976747,Giordano Formenti
1,1,-0.0692347643566,Glenn Fitzgerald
1,1,0.0295112560098,Glenn Walker Harris Jr.
1,1,-0.00559538507082,Glynis Johns
1,1,0.0604139798236,Goldie Hawn
1,1,-0.0175229802451,Grace Zabriskie
1,1,0.000687804266797,Grant Goodman
3,1,0.107811610116,Greg Kinnear
1,1,0.0312165421665,Gregor Fisher
1,1,0.0269239182211,Gregory Itzin
1,1,-0.0347042184621,Greta Gerwig
1,1,-0.000155505530644,Gretchen Palmer
1,1,0.0398709213546,Griffin Gluck
1,1,0.0579100172388,Guillaume Gouix
1,1,0.00418991681751,Haley Ramm
1,1,-0.00927605408293,Halle Berry
1,1,0.0551133607728,Hana Mae Lee
2,1,-0.0319446038385,Hank Azaria
1,1,-0.0429756768202,Harland Williams
2,1,0.0155963414095,Harry Connick Jr.
1,1,-0.00846018455138,Harry Dean Stanton
1,1,0.0165674904032,Haviland Morris
3,1,-0.05553246185,Hayden Panettiere
2,1,-0.0435078249151,Hayes MacArthur
1,1,-0.138805499933,Haylie Duff
1,1,0.0386660458997,Heath Ledger
1,1,0.0300466175171,Heather Ann Nurnberg
4,1,-1.16997207794e-05,Heather Burns
1,1,0.00455538002455,Heather Emmanuel
1,1,0.0179530546451,Heather Goldenhersh
1,1,-0.030943891978,Heather Locklear
2,1,-0.051916526951,Hector Elizondo
1,1,0.0262582976495,Heidi Holicker
1,1,0.0516815298117,Heidi Sulzman
1,1,0.0312165421665,Heike Makatsch
1,1,-0.0263216285471,Helen Hunt
1,1,-0.00879370212911,Helen Mirren
1,1,-0.00180631047744,Henry Goodman
1,1,-0.055848002795,Herbert W. Ankrom
3,1,-0.163769233018,Hilary Duff
1,1,0.0232529277396,Hilary Pingle
1,1,0.0292109051469,Hilary Swank
2,1,0.0503051936683,Holland Taylor
1,1,-0.0688151631122,Hollis Hill
1,1,-0.0400515536844,Holly Hunter
1,1,-0.0720201271037,Horatio Sanz
1,1,-0.0279181186578,Hugh Dancy
7,1,-0.0431719834885,Hugh Grant
1,1,0.0403407642354,Hugh Jackman
1,1,-0.0378250302716,Hugh M. Hefner
1,1,0.0428393647142,Hunter Parrish
1,1,0.0188744604889,Ian McElhinney
1,1,0.032740002462,Iben Hjejle
1,1,-0.0393542932606,Illeana Douglas
1,1,-0.0229880191937,Imogen Poots
1,1,0.0295112560098,Ione Skye
1,1,-0.0119409183763,Iris Apatow
4,1,-0.0922145921384,Isla Fisher
1,1,-0.0457528006674,Ivan Sergei
1,1,-0.00197527976747,Ivana Lotito
2,1,0.0268917264898,Ivana Milicevic
1,1,0.157148324532,J. Kyle Manzay
1,1,0.0194674335321,J.B. Smoove
2,1,0.0244063589999,J.K. Simmons
2,1,0.0784327799658,Jack Black
2,1,-0.02778984154,Jack Carpenter
1,1,0.0197330325774,Jack Davenport
1,1,0.0198209167074,Jack Davidson
1,1,-0.0165890230362,Jack Gilpin
1,1,-0.000152791091833,Jack McBrayer
2,1,-0.00197519182278,Jack Nicholson
1,1,-0.00559538507082,Jack Warden
2,1,0.00833999804304,Jacki Weaver
1,1,-0.0393681322748,Jackie Long
1,1,-0.0455060434907,Jacob Haines
1,1,-0.0486772830815,Jacob Young
1,1,-0.0129252898102,Jake Gyllenhaal
2,1,0.0118487799794,Jake Johnson
1,1,-0.00339270062994,James Brolin
1,1,-0.00180631047744,James Dreyfus
1,1,-0.0136145637374,James Durham
1,1,0.0107203157725,James Faulkner
1,1,-0.0279323587527,James Fleet
1,1,-0.0229009279758,James Fox
1,1,-0.00170592054113,James Franco
1,1,0.0269239182211,James Gammon
1,1,0.0292109051469,James Marsters
1,1,0.0482785470223,James McCaffrey
1,1,0.0247297537594,James Pickens Jr.
1,1,0.0244556835558,James Read
1,1,0.0612731388584,James Rebhorn
1,1,-0.0486772830815,James Remar
1,1,-0.00846018455138,James Spader
1,1,0.000687804266797,James Tupper
1,1,-0.0393764288916,James Wolk
2,1,0.0131386382862,Jamie Foxx
1,1,-0.0393764288916,Jamie Lee Curtis
1,1,0.0604139798236,Jamie Wild
1,1,-0.0393681322748,Jamie-Lynn Sigler
1,1,0.0420336449002,Jane Adams
1,1,-0.013714079808,Jane Asher
1,1,-0.015266794875,Jane Lynch
1,1,-0.020039280755,Jane Pfitsch
1,1,-0.010229401022,Jane Seymour
1,1,0.0482785470223,Janeane Garofalo
1,1,0.0932710288921,Jared Gilman
1,1,0.0353203348093,Jared Goldstein
1,1,-0.0485271573844,Jared Keeso
1,1,0.0604139798236,Jared Rushton
1,1,-0.0455060434907,Jaryd Waterhouse
1,1,-0.0277935442413,Jasmine Woods
1,1,-0.016776618215,Jason Alexander
1,1,-0.0400515536844,Jason Antoon
4,1,-0.0746826904266,Jason Bateman
1,1,-0.00559538507082,Jason Bernard
5,1,-0.0275930392732,Jason Biggs
1,1,-0.013714079808,Jason Flemyng
1,1,-0.0416602329704,Jason Gedrick
1,1,0.0295112560098,Jason Gould
1,1,-0.0495497512442,Jason Kolotouros
1,1,-0.00339270062994,Jason Lee
1,1,-0.0277531209163,Jason Lewis
1,1,-0.0455060434907,Jason Schaller
1,1,0.0932710288921,Jason Schwartzman
3,1,-0.0239853129704,Jason Segel
3,1,-0.015204704772,Jason Sudeikis
2,1,-0.014763629307,Jay Baruchel
1,1,-0.00320557905469,Jay Brazeau
2,1,-0.0492479727329,Jay Mohr
1,1,0.0328827748477,Jean Reno
1,1,-0.0073160015975,Jean Smart
1,1,-0.00394114330254,Jean Stapleton
1,1,-0.0998925319718,Jean-Luc Bilodeau
1,1,0.00151883625277,Jeanie Hackett
1,1,0.0465529984414,Jeff Garlin
1,1,-0.0111028097014,Jeff Goldblum
1,1,0.0198209167074,Jeff Hiller
1,1,0.0292109051469,Jeffrey Dean Morgan
1,1,0.0133428611367,Jeffrey Donovan
2,1,0.0720278548441,Jeffrey Tambor
1,1,0.0604139798236,Jeffrey Wiseman
1,1,0.048794353325,Jenifer Lewis
1,1,0.0269396793011,Jenna Dewan Tatum
1,1,-0.0305146549726,Jenna Elfman
8,1,-0.153876932477,Jennifer Aniston
1,1,0.0714119891835,Jennifer Connelly
3,1,-0.184865517778,Jennifer Coolidge
4,1,-0.0431536653338,Jennifer Garner
1,1,-0.0277531209163,Jennifer Hudson
1,1,0.011018748029,Jennifer Jason Leigh
1,1,0.0202316015453,Jennifer Lawrence
1,1,-0.020039280755,Jennifer Lim
4,1,-0.136758406355,Jennifer Lopez
1,1,0.0288441789525,Jennifer Love Hewitt
1,1,-0.0126685071949,Jenny McCarthy
1,1,-0.0374132128751,Jenny Wade
1,1,0.0207373158444,Jeremy Howard
2,1,0.0367351044024,Jeremy Piven
1,1,0.0197330325774,Jeremy Sheffield
2,1,0.0910170767676,Jeremy Sisto
1,1,0.043526666712,Jeroen Krabbé
1,1,0.048794353325,Jerry Ferrara
1,1,-0.00989367947237,Jerry O'Connell
1,1,-0.0505848430723,Jerry Stiller
1,1,0.0282571577434,Jess Rowland
1,1,0.0120147983201,Jesse D. Goins
1,1,-0.0165890230362,Jesse Eisenberg
1,1,-0.0722364662828,Jesse Liebman
1,1,-0.0126685071949,Jesse Metcalfe
1,1,-0.035139908736,Jessica Alba
4,1,-0.0766318453666,Jessica Biel
1,1,0.0305721610909,Jessica Cauffiel
1,1,-0.0229880191937,Jessica Lucas
1,1,-0.0429756768202,Jessica Simpson
2,1,0.0256895912579,Jessica St. Clair
2,1,0.111410999995,Jill Clayburgh
1,1,-0.0109582290513,Jill Eikenberry
1,1,0.0107203157725,Jim Broadbent
1,1,-0.0998925319718,Jim Carrane
2,1,0.0975636441838,Jim Carrey
2,1,0.0660855942783,Jim Gaffigan
1,1,-0.00846018455138,Jim Haynie
1,1,-0.0118916035023,Jim Piddock
1,1,0.0194674335321,Jimmi Simpson
3,1,-0.00397181832495,Joan Cusack
3,1,0.021312828405,Joanna Gleason
2,1,-0.039910301012,Jodi Lyn O'Keefe
1,1,-0.0189653618788,Jodi Michelle Pynn
1,1,0.00848902302116,Jodi Thelen
1,1,-0.055848002795,Joe Bellan
1,1,-0.0181621995538,Joe Camp III
1,1,0.0077374771015,Joe Grifasi
1,1,0.0429314280697,Joe Lo Truglio
1,1,0.0060557423809,Joe Nunez
1,1,0.0179530546451,Joe Pantoliano
1,1,-0.0495497512442,Joel Marsh Garland
1,1,-0.0393681322748,Joey Kern
1,1,0.0371648297744,Joey King
1,1,-0.0457528006674,Joey Lauren Adams
1,1,-0.0229009279758,John Bourgeois
1,1,-0.0303781812423,John C. Reilly
1,1,0.0371648297744,John Carroll Lynch
1,1,-0.00879370212911,John Corbett
3,1,0.102374210944,John Cusack
1,1,-0.00129457635669,John DiResta
1,1,0.157148324532,John Dossett
1,1,-0.0279181186578,John Goodman
1,1,-0.0279323587527,John Hannah
1,1,-0.0189653618788,John Henry Cox
1,1,0.0121173964798,John Kalangis
1,1,0.0263832821262,John Kapelos
3,1,0.0143581554177,John Krasinski
2,1,-0.00904365816895,John Lithgow
2,1,0.143024686912,John Mahoney
1,1,0.0462794463769,John Malkovich
1,1,-0.0148656721072,John Mastrangelo Sr.
3,1,0.0217919969362,John Michael Higgins
1,1,0.0202316015453,John Ortiz
1,1,0.0330941036236,John Paul Ruttan
1,1,-0.00394114330254,John Randolph
1,1,-0.0393542932606,John Rothman
1,1,0.0294548095791,John Schneider
1,1,-0.0455060434907,John Travolta
1,1,0.0300466175171,Johnny Myers
1,1,0.0197330325774,Jolyon James
3,1,-0.0355795731591,Jon Abrahams
1,1,-0.00846018455138,Jon Cryer
3,1,-0.0413172760941,Jon Favreau
2,1,0.0294369604293,Jon Heder
1,1,0.0077374771015,Jon Robin Baitz
1,1,-0.00795357555633,Jon Voight
1,1,0.0371648297744,Jonah Bobo
1,1,-0.0119409183763,Jonah Hill
1,1,-0.0393681322748,Jonathan Bennett
1,1,0.0160359896784,Jonathan Dokuchitz
1,1,-0.0109582290513,Jonathan Epstein
1,1,-0.00989367947237,Jonathan Lipnicki
1,1,-0.047455180801,Jonathan Pryce
1,1,0.00835112184248,Jonathan Rhys Meyers
1,1,-0.000980772980967,Jonathan Sadowski
1,1,0.0265699468756,Jordan Cook
1,1,0.0563483279935,Jordi Mollà
1,1,0.0160359896784,Joseph Badalucco Jr.
1,1,-0.00664293650068,Joseph Fiennes
2,1,0.0580238128295,Joseph Gordon-Levitt
1,1,0.0198209167074,Joseph J. Vargas
1,1,0.0265699468756,Joseph Speechley
3,1,0.0116304827218,Josh Duhamel
1,1,-0.0485271573844,Josh Emerson
1,1,-0.0175229802451,Josh Flitter
1,1,-0.0129252898102,Josh Gad
1,1,-0.0692347643566,Josh Hartnett
1,1,0.157148324532,Josh Hutcherson
2,1,0.0211963005911,Josh Lucas
2,1,0.134160305338,Josh Pais
1,1,-0.0400515536844,Josie Maran
2,1,0.0711885858131,Joy Bryant
1,1,-0.0190193140282,Jsu Garcia
1,1,-0.221417837762,Judah Friedlander
1,1,0.0456927775038,Jude Law
1,1,-0.016776618215,Judith Baldwin
1,1,-0.0457528006674,Judy Davis
7,1,-0.0851492321702,Judy Greer
1,1,0.043526666712,Judy Parfitt
1,1,-0.0277935442413,Julia Pennington
3,1,-0.0371995271911,Julia Roberts
4,1,0.0326040188393,Julia Stiles
1,1,-0.00170592054113,Julia Sweeney
1,1,-0.00180631047744,Julian Rhind-Tutt
2,1,0.0672114472915,Julianne Moore
1,1,-0.0400515536844,Julianne Nicholson
1,1,0.0133428611367,Julie Ann Emery
1,1,0.00598015889327,Julie Gonzalo
3,1,0.00497949814524,Julie Hagerty
1,1,0.00835112184248,Juliet Stevenson
1,1,-0.0111028097014,Juliette Lewis
2,1,0.0100760595545,Justin Bartha
1,1,-0.0260950358193,Justin Chambers
1,1,0.0165674904032,Justin Henry
3,1,0.0119521381025,Justin Long
1,1,-0.0305146549726,Justin Timberlake
1,1,0.00722710133619,Kadeem Hardison
1,1,0.0060557423809,Kali Hawk
1,1,0.0017883976635,Kali Rocha
1,1,0.0932710288921,Kara Hayward
1,1,0.0465529984414,Karan Soni
1,1,0.0353203348093,Karen Chilton
1,1,-0.0229880191937,Karen Ludwig
1,1,-0.0378250302716,Kat Dennings
1,1,0.0401229524719,Kate Beckinsale
1,1,-0.0162214743516,Kate Bosworth
7,1,-0.0596817384861,Kate Hudson
2,1,0.0165295197689,Kate Jennings Grant
1,1,0.0685584352522,Kate Krieger
1,1,-0.000660345115203,Kate Micucci
1,1,-0.0108119697399,Kate Simses
1,1,-0.00846018455138,Kate Vernon
2,1,0.087726422404,Kate Winslet
1,1,-0.0378250302716,Katharine McPhee
5,1,-0.00802380382494,Katherine Heigl
1,1,0.0604139798236,Katherine Helmond
2,1,-0.0359494552269,Katheryn Winnick
1,1,0.00722710133619,Kathleen Quinlan
3,1,-0.0110711298745,Kathryn Hahn
1,1,6.37064216485e-05,Kathy Baker
4,1,-0.0653593072981,Kathy Bates
1,1,-0.0393681322748,Kathy Griffin
1,1,-0.0181621995538,Katie Cassidy
1,1,-0.0688151631122,Katie Holmes
1,1,0.00418991681751,Katija Pevec
1,1,0.0121173964798,Kaylee Vieira
1,1,0.0123891001297,Keanu Reeves
1,1,0.0353203348093,Keir Gilchrist
1,1,-0.010229401022,Keir O'Donnell
1,1,0.00835112184248,Keira Knightley
1,1,-0.0523084349611,Keith David
1,1,0.0403407642354,Keith Reddin
1,1,0.0551133607728,Kelley Jakle
1,1,-0.0111028097014,Kelli Barrett
1,1,0.0307652594689,Kelli Garner
1,1,-0.0344232849625,Kelly Coffield Park
1,1,0.0294548095791,Kelly Gould
2,1,-0.0573488602734,Kelly Preston
1,1,-0.0165890230362,Kelsey Ford
1,1,-0.0688151631122,Ken Moreno
1,1,0.0516815298117,Keri Russell
1,1,-0.0393542932606,Kevin Bacon
1,1,-0.0722364662828,Kevin Brown
1,1,-0.0307572825928,Kevin Costner
1,1,-0.0393542932606,Kevin Dunn
3,1,0.0740834965218,Kevin Hart
1,1,0.0198209167074,Kevin Herbst
1,1,0.0133428611367,Kevin James
1,1,-0.00879370212911,Kevin Kilner
2,1,-0.00182144361441,Kevin Kline
1,1,0.00722710133619,Kevin McKidd
1,1,-0.0126685071949,Kevin McNulty
1,1,0.0398709213546,Kevin Nealon
1,1,-0.0208556896368,Kevin O'Morrison
2,1,-0.0642994162901,Kevin Pollak
2,1,-0.0566222588868,Kevin Sussman
1,1,0.113513430903,Kevin Weisman
1,1,0.026012347447,Kevin Zegers
1,1,-0.0378250302716,Kiely Williams
1,1,-0.0382043804709,Kieran Culkin
1,1,-0.0277531209163,Kim Cattrall
1,1,-0.00170592054113,Kip Pardue
4,1,0.00408987826986,Kirsten Dunst
1,1,-0.0455060434907,Kirstie Alley
1,1,0.0312165421665,Kris Marshall
1,1,-0.0313481582056,Kris Park
5,1,0.0594795818283,Kristen Bell
1,1,-0.0344232849625,Kristen Johnston
3,1,0.00893415287683,Kristen Wiig
3,1,-0.0190728467045,Kristin Chenoweth
1,1,-0.0277531209163,Kristin Davis
2,1,-0.0558504774106,Kristin Scott Thomas
2,1,-0.0307408295885,Krysten Ritter
1,1,0.0579100172388,Kurt Fuller
1,1,0.0604139798236,Kurt Russell
2,1,-0.0421991398223,Kyle Bornheimer
1,1,0.011018748029,Kyle Chandler
1,1,-0.030943891978,Kym Whitley
1,1,0.0482785470223,La Tanya M. Fisher
1,1,-0.0460983857567,Lacey Chabert
1,1,0.0121173964798,Lainie Kazan
4,1,-0.0441296292977,Lake Bell
1,1,-0.0306318016393,Lance Armstrong
1,1,-0.0393681322748,Lance Bass
1,1,0.0248915094272,Lance Gross
1,1,0.0386660458997,Larisa Oleynik
1,1,0.0386660458997,Larry Miller
1,1,-0.000980772980967,Laura Ramsey
1,1,0.0403407642354,Laura Regan
1,1,-0.016776618215,Laura San Giacomo
1,1,0.0288441789525,Lauren Ambrose
1,1,0.0465529984414,Lauren Carlos
1,1,0.0017883976635,Lauren Chen
2,1,0.0389392459348,Lauren Graham
1,1,-0.0263216285471,Lauren Holly
1,1,-0.0485271573844,Lauren London
1,1,0.0017883976635,Lauren Pratt
1,1,-0.0485271573844,Lauren Storm
1,1,-0.0118916035023,Lauren Weedman
1,1,0.0328827748477,Laurent Spielvogel
1,1,0.0247297537594,Laz Alonso
1,1,-0.0208556896368,Le Clanché du Rand
1,1,-0.0523084349611,Lee Evans
1,1,0.0244556835558,Lee Garlington
1,1,0.043526666712,Lee Ingleby
1,1,0.0262582976495,Lee Purcell
1,1,-0.0109582290513,Leia Thompson
2,1,0.00130523397835,Leighton Meester
1,1,-0.0688151631122,Lela Rochon
1,1,0.0017883976635,Lena Cardwell
1,1,0.0563483279935,Lennie Loftin
1,1,-0.0143642919524,Lenny Venito
1,1,-0.0279181186578,Leslie Bibb
2,1,-0.0272077132513,Leslie Mann
1,1,0.0516815298117,Lew Temple
1,1,-0.0189653618788,Lewis Payton Jr.
1,1,0.0017883976635,Liam Aiken
1,1,0.0312165421665,Liam Neeson
1,1,0.0714119891835,Liana Liberato
1,1,0.0207373158444,Libby Mintz
1,1,-0.00197527976747,Lidia Biondi
1,1,0.0295112560098,Lili Taylor
1,1,0.0401229524719,Lilli Lavine
1,1,-0.055848002795,Lillian Adams
1,1,0.0714119891835,Lily Collins
1,1,0.0269396793011,Lily Lumpkin
1,1,-0.0374132128751,Lily Rabe
1,1,-0.00338784806954,Lily Tello
2,1,-0.0463282760679,Lin Shaye
1,1,-0.055848002795,Linda Asuma
1,1,0.0198209167074,Linda Powell
1,1,-0.0699083397666,Lindsay Lohan
2,1,-0.0586672734838,Lindsay Sloane
1,1,-0.0165707052023,Lisa Ann Walter
1,1,0.032740002462,Lisa Bonet
1,1,-0.000155505530644,Lisa Jane Persky
2,1,0.0664331026756,Lisa Kudrow
1,1,0.0269239182211,Lisa Thornhill
1,1,-0.000152791091833,Liz Cackowski
2,1,-0.0487671993641,Lizzy Caplan
1,1,-0.00339270062994,Lochlyn Munro
1,1,0.0714119891835,Logan Lerman
1,1,-0.00180631047744,Lorelei King
1,1,0.0295112560098,Loren Dean
1,1,-0.0692347643566,Lorin Heath
1,1,-0.000519507927029,Loudon Wainwright III
1,1,0.0932710288921,Lucas Hedges
1,1,0.00151883625277,Lucy Punch
1,1,-0.0347042184621,Ludacris
1,1,-0.00197527976747,Luisa Ranieri
1,1,-0.138805499933,Lukas Haas
1,1,-0.0181621995538,Luke Bracey
1,1,-0.0229009279758,Luke Mably
2,1,0.0225069101875,Luke Wilson
1,1,0.0312165421665,Lulu Popplewell
1,1,0.0248915094272,Lupe Ontiveros
1,1,0.0135502694763,Lusia Strus
1,1,-0.0279181186578,Lynn Redgrave
1,1,0.0294548095791,Lynn Whitfield
1,1,-0.0186165984987,M. Emmet Walsh
1,1,-0.0229880191937,Mackenzie Davis
1,1,0.113513430903,Madeline Carroll
1,1,0.00598015889327,Madeline Zima
1,1,0.0265699468756,Madison Cook
1,1,0.0077374771015,Mae Whitman
1,1,0.0563483279935,Maggie Grace
1,1,-0.013714079808,Maisy Mazer
1,1,-0.0699083397666,Makenzie Vega
1,1,0.0372221975287,Malcolm McDowell
1,1,-0.017642284873,Malcolm-Jamal Warner
2,1,-0.0296532799632,Malin Akerman
3,1,-0.0172919171892,Mandy Moore
1,1,0.0394242030078,Mandy Patinkin
1,1,-0.00170592054113,Manu Intiraymi
3,1,-0.054127068089,Marc Blucas
1,1,-0.0429756768202,Marcello Thedford
2,1,-0.00191157334582,Marcia DeBonis
1,1,-0.138805499933,Marcus Coloma
1,1,0.00399447844724,Marg Helgenberger
1,1,-0.0688151631122,Margaret Colin
1,1,0.0179530546451,Margo Martindale
1,1,-0.138805499933,Maria Conchita Alonso
1,1,-0.000152791091833,Maria Thayer
1,1,-0.0144126437274,Maribeth Monroe
1,1,-0.0485271573844,Marie Avgeropoulos
1,1,-0.221417837762,Marie Matiko
1,1,-0.020039280755,Marilyn L. Costello
1,1,-0.00197527976747,Marina Massironi
1,1,0.0198209167074,Mario Frieson
3,1,0.0511839654627,Marisa Tomei
1,1,-0.0766769387864,Marissa Matrone
1,1,0.0165514201462,Marita Geraghty
1,1,0.0121173964798,Marita Zouravlioff
1,1,-0.0949570255197,Mark Aisbett
1,1,0.0179530546451,Mark Consuelos
1,1,0.0465529984414,Mark Duplass
2,1,-0.0411873006543,Mark Feuerstein
1,1,-0.0143642919524,Mark Linn-Baker
1,1,-0.0313481582056,Mark Metcalf
4,1,0.0414373742735,Mark Ruffalo
1,1,0.0194674335321,Mark Wahlberg
1,1,-0.0313481582056,Mark Webber
1,1,-0.0523084349611,Markie Post
1,1,-0.00170592054113,Marla Sokoloff
1,1,-0.00664293650068,Martin Clunes
1,1,-0.0165707052023,Martin Mull
1,1,-0.0119409183763,Martin Starr
2,1,0.0355233631167,Mary Kay Place
1,1,0.0465529984414,Mary Lynn Rajskub
1,1,-0.00927605408293,Mary Marguerite Keane
1,1,0.00598015889327,Mary Pat Gleason
2,1,0.0129779875528,Mary Steenburgen
1,1,0.011018748029,Masam Holden
1,1,-0.0165890230362,Matt Bush
1,1,0.00361891112546,Matt Champagne
2,1,-0.0829402366004,Matt Dillon
1,1,0.0207373158444,Matt Long
1,1,0.0060557423809,Matt Lucas
1,1,-0.0495497512442,Matt Malloy
1,1,0.0305721610909,Matthew Davis
1,1,0.00848902302116,Matthew Glave
1,1,0.0188744604889,Matthew Goode
1,1,0.0193577669299,Matthew Gray Gubler
2,1,-0.0798646134412,Matthew Lillard
1,1,0.0184028924864,Matthew Mason
5,1,-0.089699820044,Matthew McConaughey
1,1,-0.0195737880218,Matthew Morrison
1,1,0.0685584352522,Matthias Steiner
1,1,0.0579100172388,Maurice Sonnenberg
1,1,0.026012347447,Maury Chaykin
1,1,0.0263832821262,Max Alexander
1,1,0.0269239182211,Max Baker
1,1,0.0269396793011,Max Minghella
2,1,0.0196060118572,Maya Rudolph
1,1,0.048794353325,Meagan Good
1,1,-0.221417837762,Meera Simhan
1,1,-0.0393542932606,Meg Gibson
4,1,0.00793043637771,Meg Ryan
1,1,0.043526666712,Megan Dodds
1,1,0.0247297537594,Mehcad Brooks
1,1,-0.0263216285471,Mel Gibson
2,1,0.0362106651145,Melanie Lynskey
1,1,-0.00129457635669,Melissa De Sousa
1,1,0.0269239182211,Melissa Errico
1,1,-0.0313481582056,Melissa Joan Hart
1,1,-0.0144126437274,Melissa McCarthy
1,1,0.0345958684004,Melissa Sagemiller
1,1,0.0121173964798,Melissa Todd
1,1,0.0244556835558,Melissa van der Schyff
1,1,-0.0307572825928,Mena Suvari
4,1,0.0551853374468,Meryl Streep
1,1,-0.0344232849625,Michael Arden
1,1,-0.0229880191937,Michael B. Jordan
1,1,0.00151883625277,Michael Biehn
1,1,0.0262582976495,Michael Bowen
1,1,-0.00129457635669,Michael Caine
1,1,0.0380209227373,Michael Cera
1,1,0.0121173964798,Michael Constantine
2,1,-0.076730187396,Michael Douglas
2,1,0.0917257813947,Michael Ealy
1,1,0.0328492423215,Michael Feast
1,1,0.0714119891835,Michael Goodwin
1,1,0.0401229524719,Michael Guarino Jr.
1,1,0.0060557423809,Michael Hitchcock
1,1,0.0263832821262,Michael J. Pollard
1,1,-0.0688151631122,Michael Keaton
1,1,-0.0722364662828,Michael Kelly
1,1,0.0247297537594,Michael Landes
1,1,-0.0949570255197,Michael Madsen
1,1,-0.00927605408293,Michael Mandell
1,1,0.124336289805,Michael McKean
1,1,0.0195146364295,Michael Michele
1,1,-0.0688151631122,Michael Milhoan
1,1,0.0209315631091,Michael Nouri
1,1,0.0133428611367,Michael Rapaport
1,1,0.0328827748477,Michael Riley
1,1,-0.00559538507082,Michael Rispoli
1,1,0.0282571577434,Michael Rosenbaum
1,1,0.0165674904032,Michael Schoeffling
2,1,0.0879566347559,Michael Sheen
1,1,-0.0303781812423,Michael Vartan
1,1,0.0179530546451,Michael Weston
1,1,-0.0165890230362,Michael Zegen
1,1,-0.0144126437274,Michaela Watkins
1,1,-0.0190193140282,Michele Lee
1,1,0.0288441789525,Michelle Brookhurst
1,1,-0.0277935442413,Michelle Carmichael
1,1,0.00357978700326,Michelle Krusiec
1,1,0.0262582976495,Michelle Meyrink
2,1,-0.0433577417361,Michelle Monaghan
1,1,-0.000155505530644,Michelle Nicastro
2,1,-0.00153857698142,Michelle Pfeiffer
1,1,0.00151883625277,Michelle Trachtenberg
1,1,-0.00559538507082,Micole Mercurio
1,1,0.0456927775038,Miffy Englefield
1,1,0.0300466175171,Mike Doyle
1,1,0.0604139798236,Mike Hagerty
1,1,0.0198209167074,Mike Hydeck
1,1,-0.0136145637374,Mike O'Brien
1,1,-0.030943891978,Mike O'Malley
1,1,-0.0189653618788,Mike Rad
2,1,-0.0335799935235,Mike Vogel
3,1,0.00392842233601,Mila Kunis
2,1,-0.0119692711647,Miles Teller
1,1,-0.0998925319718,Miley Cyrus
2,1,0.0460184137365,Mimi Kennedy
1,1,-0.0347042184621,Mindy Kaling
1,1,0.0232529277396,Mini Anden
1,1,0.0193577669299,Minka Kelly
1,1,-0.013714079808,Minnie Driver
1,1,-0.0229009279758,Miranda Richardson
1,1,-0.0699083397666,Missi Pyle
1,1,0.0482785470223,Mitch Rouse
1,1,-0.0143642919524,Molly Price
2,1,0.00810730585183,Molly Ringwald
2,1,-0.125335206762,Molly Shannon
1,1,0.0555299992836,Molly Sims
2,1,-0.107989505723,Monet Mazur
1,1,-0.00320557905469,Monica Potter
2,1,0.0857198866612,Morgan Lily
1,1,0.026012347447,Mpho Koaho
1,1,0.00455538002455,Nancy Baldwin
1,1,0.0714119891835,Nat Wolff
1,1,-0.0722364662828,Natalia Klimas
1,1,0.0265699468756,Natalia Tena
1,1,0.0017883976635,Natalie B. Kikkenborg
1,1,0.0307652594689,Natalie Morales
1,1,-0.0347042184621,Natalie Portman
1,1,-0.0250679191928,Natasha Lyonne
1,1,-0.0766769387864,Natasha Richardson
2,1,0.0204302168089,Nate Torrence
1,1,0.0516815298117,Nathan Fillion
1,1,-0.0162214743516,Nathan Lane
1,1,0.0133428611367,Nathan Lee Graham
1,1,0.0292109051469,Nellie McKay
1,1,0.0121173964798,Nia Vardalos
1,1,0.011018748029,Nicci Faires
1,1,-0.0189653618788,Nicholas Art
2,1,0.0728493932525,Nicholas Hoult
1,1,0.0265699468756,Nicholas Hutchison
1,1,0.00547689969788,Nick Bacon
1,1,0.0328492423215,Nick Prideaux
1,1,0.0120147983201,Nick Searcy
1,1,0.0398709213546,Nick Swardson
1,1,0.0262582976495,Nicolas Cage
1,1,0.0612731388584,Nicole DeHuff
1,1,0.0398709213546,Nicole Kidman
1,1,-0.013714079808,Nigel Planer
1,1,0.0579100172388,Nina Arianda
1,1,0.0198209167074,Noah Bean
1,1,0.000687804266797,Noah Lomax
1,1,0.0120147983201,Noah Matthews
1,1,0.0188744604889,Noel O'Donovan
1,1,-0.0305146549726,Nolan Gould
2,1,-0.0698459144547,Nora Dunn
2,1,-0.0605110294841,Noureen DeWulf
1,1,-0.138805499933,Obba Babatundé
2,1,-0.046599655594,Octavia Spencer
1,1,-0.0393764288916,Odette Annable
2,1,0.019953289729,Oliver Jackson-Cohen
1,1,-0.047455180801,Oliver James
1,1,-0.0129252898102,Oliver Platt
2,1,0.00331670427522,Olivia Thirlby
2,1,-0.0848603367512,Olympia Dukakis
1,1,-0.000519507927029,Orlando Bloom
1,1,0.0269396793011,Oscar Isaac
1,1,0.0209315631091,Oscar Nuñez
6,1,0.0254686833561,Owen Wilson
1,1,0.0123891001297,Paige Butcher
1,1,-0.00189568649786,Palmer Brown
1,1,0.0247297537594,Pam Grier
1,1,0.0295112560098,Pamela Adlon
1,1,-0.00197527976747,Paolo Arvedi
2,1,0.0261054742146,Parker Posey
1,1,0.00835112184248,Parminder Nagra
1,1,0.0188744604889,Pat Laffan
1,1,0.0193577669299,Patricia Belcher
3,1,-0.030705670319,Patricia Clarkson
1,1,-0.0126685071949,Patricia Drake
1,1,-0.00664293650068,Patrick Barlow
3,1,-0.0352288089973,Patrick Dempsey
1,1,0.043526666712,Patrick Godfrey
1,1,-0.00927605408293,Patrick Reale
1,1,-0.0111028097014,Patrick Wilson
1,1,0.0107203157725,Paul Brooke
1,1,-0.0720201271037,Paul Corning
2,1,0.007671044912,Paul Dano
1,1,0.0165674904032,Paul Dooley
1,1,0.0328492423215,Paul Herbert
1,1,0.0202316015453,Paul Herman
1,1,0.0123891001297,Paul Michael Glaser
6,1,-0.0562926231374,Paul Rudd
1,1,-0.0485271573844,Paul Rust
1,1,-0.000519507927029,Paul Schneider
1,1,-0.0382043804709,Paul Walker
2,1,0.0676611818292,Paula Patton
1,1,-0.0692347643566,Paulo Costanzo
1,1,-0.000660345115203,Peggy Lipton
1,1,0.113513430903,Penelope Ann Miller
2,1,0.0245536903337,Penn Badgley
1,1,0.0077374771015,Pete Hamill
1,1,-0.00559538507082,Peter Boyle
1,1,0.0394242030078,Peter Cook
1,1,0.0328492423215,Peter Dinklage
1,1,0.0197330325774,Peter Egan
1,1,0.0288441789525,Peter Facinelli
1,1,0.0394242030078,Peter Falk
1,1,0.0403407642354,Peter Friedman
1,1,-0.00559538507082,Peter Gallagher
1,1,0.0563483279935,Peter Sarsgaard
1,1,-0.0175229802451,Peter Strauss
1,1,0.0121173964798,Petra Wildgoose
1,1,-0.020039280755,Peyton List
1,1,6.37064216485e-05,Phil Reeves
1,1,0.00399447844724,Philip Baker Hall
1,1,-0.0186165984987,Philip Bosco
1,1,-0.0190193140282,Philip Seymour Hoffman
1,1,0.0247297537594,Phylicia Rashad
1,1,0.0612731388584,Phyllis George
2,1,0.0346019975417,Pierce Brosnan
1,1,0.00361891112546,Piper Perabo
1,1,-0.0505848430723,Polly Holliday
1,1,-0.0766769387864,Priscilla Lopez
1,1,0.0247297537594,Queen Latifah
1,1,-0.0382043804709,Rachael Leigh Cook
1,1,0.0193577669299,Rachel Boston
1,1,0.0398709213546,Rachel Dratch
1,1,-0.0186165984987,Rachel Griffiths
4,1,0.0594362820207,Rachel McAdams
1,1,0.00455538002455,Rachel McDowall
1,1,0.0123891001297,Rachel Ticotin
1,1,-0.013714079808,Rafe Spall
1,1,0.0380209227373,Rainn Wilson
1,1,-0.016776618215,Ralph Bellamy
1,1,-0.0766769387864,Ralph Fiennes
1,1,-0.0306318016393,Ralph Ting
1,1,0.012113460088,Raquel Beaudene
2,1,0.0285068815678,Rashida Jones
1,1,-0.017642284873,Ray Winstone
1,1,-0.0387547413669,Raymond J. Barry
1,1,-0.138805499933,Reagan Dale Neis
1,1,0.113513430903,Rebecca De Mornay
1,1,-0.0111028097014,Rebecca Naomi Jones
3,1,-0.01085102395,Rebel Wilson
6,1,0.0641297011528,Reese Witherspoon
2,1,0.0917257813947,Regina Hall
3,1,0.0209779888481,Regina King
1,1,0.00418991681751,Rene Russo
1,1,-0.0277935442413,Renee Scott
1,1,0.0328827748477,Renée Humphrey
3,1,-0.0127879274372,Renée Zellweger
1,1,0.0555299992836,Rhys Darby
1,1,-0.00180631047744,Rhys Ifans
1,1,0.00968627920589,Rich Sommer
1,1,-0.0148656721072,Richard Burgi
1,1,0.0482785470223,Richard Coca
1,1,0.0328492423215,Richard E. Grant
1,1,-0.016776618215,Richard Gere
2,1,-0.0612719375654,Richard Jenkins
1,1,-0.00180631047744,Richard McCabe
1,1,0.0262582976495,Richard Sanders
1,1,0.00722710133619,Richmond Arquette
1,1,0.0184028924864,Rick Derby
1,1,0.0165514201462,Rick Ducommun
1,1,0.0165514201462,Rick Overton
1,1,0.0263832821262,Rick Rossovich
1,1,0.0232529277396,Riki Lindhome
2,1,0.0219836750774,Rita Wilson
4,1,-0.0201043597168,Rob Corddry
1,1,0.0685584352522,Rob Huebel
1,1,0.0294548095791,Rob Kerkovich
1,1,-0.0307572825928,Rob Lanza
1,1,-0.0165707052023,Rob Riggle
1,1,0.0135502694763,Rob Schneider
1,1,-0.000155505530644,Robert Alan Beuth
4,1,0.0337397081934,Robert De Niro
1,1,-0.00795357555633,Robert Duvall
1,1,-0.0460983857567,Robert Forster
1,1,-0.000980772980967,Robert Hoffman
1,1,0.026012347447,Robert Joy
2,1,0.0355506261079,Robert Klein
1,1,-0.0136145637374,Robert Small
1,1,0.0165514201462,Robin Duke
1,1,-0.0175229802451,Robin Williams
1,1,0.0394242030078,Robin Wright
1,1,0.0133428611367,Robinne Lee
1,1,0.0604139798236,Roddy McDowall
1,1,-0.00180631047744,Roger Frost
2,1,0.03352755845,Romany Malco
2,1,0.0198679045225,Ron Canada
2,1,-0.00928629421553,Ron Livingston
1,1,-0.0143642919524,Ron McLarty
1,1,0.0328492423215,Ronni Ancona
1,1,0.0312165421665,Rory MacGregor
1,1,0.0300973055445,Rosalind Chao
1,1,-0.013714079808,Rose Byrne
1,1,0.0330941036236,Rosemary Harris
1,1,-0.0208556896368,Ross Malinger
1,1,-0.0175229802451,Roxanne Hart
1,1,-0.0505848430723,Roy Jenkins
1,1,0.0456927775038,Rufus Sewell
1,1,-0.0378250302716,Rumer Willis
1,1,-0.0186165984987,Rupert Everett
1,1,-0.000152791091833,Russell Brand
1,1,0.0714119891835,Rusty Joiner
1,1,0.0371648297744,Ryan Gosling
1,1,0.113513430903,Ryan Ketzner
1,1,-0.0165890230362,Ryan McFarland
3,1,0.0486874273516,Ryan Reynolds
1,1,0.0265699468756,Ryan Speechley
1,1,-0.0949570255197,Ryan Zwick
1,1,0.0184028924864,Ryder Chasin
1,1,-0.0277935442413,Sabrina Revelle
2,1,0.00960919035726,Sakina Jaffrey
1,1,6.37064216485e-05,Sam Ball
1,1,-0.0998925319718,Sam Derence
1,1,-0.00338784806954,Sam Ellis
1,1,0.0294548095791,Sam Robards
2,1,-0.0438959923196,Samaire Armstrong
1,1,0.0207373158444,Samm Levine
4,1,0.03007759136,Sandra Bullock
1,1,-0.00664293650068,Sandra Reinton
1,1,0.124336289805,Sandy Duncan
1,1,-0.0279323587527,Sara Crowe
1,1,0.0207373158444,Sara Paxton
1,1,0.0285123021886,Sarah Burns
1,1,-0.0303781812423,Sarah DeVincentis
4,1,-0.127433588127,Sarah Jessica Parker
1,1,-0.00320557905469,Sarah Murdoch
1,1,0.0121173964798,Sarah Osman
2,1,0.0654258100811,Sarah Parish
1,1,0.0555299992836,Sasha Alexander
2,1,-0.0149708834316,Scarlett Johansson
1,1,-0.0111028097014,Scott Elrod
2,1,0.0324165789989,Scott Porter
1,1,-0.00170592054113,Scott Vickaryous
1,1,-0.0505848430723,Scott Wilson
1,1,0.0135502694763,Sean Astin
1,1,0.00418991681751,Sean Faris
1,1,-0.0162214743516,Sean Hayes
1,1,6.37064216485e-05,Sean Marquette
1,1,-0.0303781812423,Sean Whalen
1,1,-0.0393764288916,Sean Wing
1,1,-0.0250679191928,Seann William Scott
1,1,-0.0181621995538,Selena Gomez
4,1,-0.0246740638868,Selma Blair
1,1,-0.0722364662828,Seth Gilliam
1,1,0.0288441789525,Seth Green
3,1,-0.0578395148907,Seth Rogen
1,1,0.00835112184248,Shaheen Khan
1,1,0.011018748029,Shailene Woodley
2,1,0.0163090573749,Shalom Harlow
2,1,0.0328899478593,Shane West
1,1,-0.0250679191928,Shannon Elizabeth
2,1,-0.0443432549294,Shannyn Sossamon
1,1,0.026012347447,Sharon Osbourne
1,1,0.0265699468756,Sharon Small
1,1,-0.0305146549726,Shaun White
1,1,-0.00339270062994,Shawn Hatosy
1,1,-0.0485271573844,Shawn Roberts
1,1,0.00835112184248,Shaznay Lewis
1,1,0.0202316015453,Shea Whigham
1,1,-0.0143642919524,Shelley Conn
1,1,0.0263832821262,Shelley Duvall
1,1,-0.015266794875,Shelley Malil
1,1,0.026012347447,Sherry Miller
1,1,0.0685584352522,Shira Lazar
1,1,-0.0307572825928,Shirley MacLaine
1,1,0.0312165421665,Sienna Guillory
1,1,-0.0393764288916,Sigourney Weaver
1,1,0.00968627920589,Simon Baker
1,1,-0.0279323587527,Simon Callow
1,1,0.0328492423215,Simon Chandler
1,1,0.0328492423215,Simon Woods
1,1,-0.0136145637374,Siobhan Fallon Hogan
1,1,0.0345958684004,Sisqó
1,1,-0.00795357555633,Sissy Spacek
1,1,0.0551133607728,Skylar Astin
1,1,-0.047455180801,Soleil McGhee
1,1,-0.0189653618788,Sonnie Brown
1,1,-0.0126685071949,Sophia Bush
1,1,-0.221417837762,Sophie Monk
1,1,-0.00879370212911,Spencer Breslin
1,1,-0.0384889781274,Spencer Pickren
1,1,0.0393355469559,Stacey Dash
2,1,0.0450729679676,Stanley DeSantis
2,1,-0.0669906595805,Stanley Tucci
1,1,-0.00338784806954,Stark Sands
1,1,0.00455538002455,Stellan Skarsgård
1,1,0.0401229524719,Stephen Bruce
2,1,-0.0277292470802,Stephen Collins
1,1,0.0714119891835,Stephen King
1,1,-0.0165890230362,Stephen Mast
1,1,-0.013714079808,Stephen Merchant
1,1,-0.0229009279758,Stephen O'Reilly
1,1,-0.0558445625531,Stephen Root
2,1,-0.0235001335383,Stephen Tobolowsky
1,1,0.0282571577434,Steve Agee
3,1,0.0413654684314,Steve Carell
2,1,-0.0453815140139,Steve Howey
2,1,0.0692226468403,Steve Martin
1,1,0.0263832821262,Steve Mittleman
1,1,-0.00129457635669,Steve Monroe
1,1,-0.0307572825928,Steve Sandvoss
1,1,-0.00394114330254,Steve Zahn
1,1,-0.00664293650068,Steven Beard
1,1,-0.000155505530644,Steven Ford
1,1,-0.00664293650068,Steven O'Donnell
1,1,0.0269239182211,Stockard Channing
1,1,-0.0720201271037,Sue Jean Kim
1,1,0.0403407642354,Sue Jin Song
1,1,-0.0393681322748,Susan Duerden
2,1,0.00731788769406,Susan May Pratt
1,1,-0.000519507927029,Susan Sarandon
1,1,-0.0186165984987,Susan Sullivan
1,1,0.0328827748477,Suzan Anbeh
1,1,0.0345958684004,Swoosie Kurtz
1,1,-0.047455180801,Sylvia Syms
1,1,-0.0722364662828,Sándor Técsy
1,1,-0.0028227109307,T.J. Miller
1,1,0.157148324532,Talia Balsam
1,1,0.0123891001297,Tanya Sweet
2,1,-0.120024944712,Tara Reid
2,1,0.0682617868571,Taraji P. Henson
1,1,-0.0387547413669,Taran Killam
1,1,0.0244556835558,Taryn Manning
1,1,-0.000152791091833,Taylor Wily
1,1,-0.013714079808,Terence Harvey
1,1,-0.00338784806954,Terence Maynard
2,1,-0.0394270262361,Terence Stamp
2,1,0.0477982826296,Teresa Palmer
2,1,0.022784160731,Teri Polo
1,1,-0.0148656721072,Terrance Christopher Jones
1,1,0.0429314280697,Terrell Owens
1,1,0.048794353325,Terrence Jenkins
1,1,-0.0193787500246,Terry Bradshaw
1,1,0.0060557423809,Terry Crews
1,1,-0.0387547413669,Thad Luckinbill
1,1,0.0244556835558,Theresa Spruill
1,1,0.0579100172388,Thierry Hancisse
1,1,0.0372221975287,Thomas Haden Church
1,1,-0.0250679191928,Thomas Ian Nicholas
1,1,0.0420336449002,Thomas Jay Ryan
2,1,0.0161219357996,Thomas Lennon
1,1,-0.0108119697399,Tika Sumpter
1,1,0.0330941036236,Til Schweiger
1,1,0.0932710288921,Tilda Swinton
1,1,-0.0429756768202,Tim Bagley
1,1,-0.00795357555633,Tim McGraw
1,1,-0.00664293650068,Tim McMullan
1,1,0.032740002462,Tim Robbins
1,1,-0.0486772830815,Timothy Bottoms
1,1,0.0328827748477,Timothy Hutton
1,1,-0.0486772830815,Timothy Olyphant
1,1,-0.0279323587527,Timothy Walker
1,1,0.043526666712,Timothy West
1,1,0.0194674335321,Tina Fey
1,1,0.0262582976495,Tina Theberge
1,1,-0.0165890230362,Todd Cioppa
3,1,0.0117435132882,Todd Louiso
1,1,-0.0306318016393,Todd Stashwick
1,1,0.0282571577434,Tom Arnold
1,1,-0.0144126437274,Tom Bosley
2,1,0.0464546485212,Tom Cruise
1,1,0.00361891112546,Tom Everett Scott
1,1,-0.0699083397666,Tom Fletcher
1,1,0.00547689969788,Tom Foligno
2,1,-0.0247968329393,Tom Hanks
1,1,0.0330941036236,Tom Hardy
1,1,0.0612731388584,Tom McCarthy
1,1,-0.0208556896368,Tom Riis Farrell
1,1,-0.0165707052023,Tom Selleck
2,1,0.0353907083995,Tom Wilkinson
1,1,0.0060557423809,Tom Yi
1,1,-0.00320557905469,Tomiko Fraser
2,1,0.0117042747684,Toni Collette
1,1,-0.00338784806954,Tony Jayawardena
1,1,0.0188744604889,Tony Rohr
1,1,0.0269239182211,Tony Shalhoub
1,1,0.157148324532,Tonye Patano
4,1,-0.0458480683876,Topher Grace
0,0,-0.00371779643044,Topic0
0,0,0.0855769652842,Topic1
0,0,-0.0758910887637,Topic2
1,1,0.00968627920589,Tracie Thoms
1,1,0.00357978700326,Treat Williams
1,1,-0.0277935442413,Trenton Rogers
1,1,-0.0455060434907,Twink Caplan
1,1,0.00399447844724,Ty Burrell
1,1,-0.138805499933,Ty Hodges
2,1,0.00780882794297,Ty Panitz
1,1,-0.00338784806954,Tyla Barnfield
1,1,-0.0949570255197,Tyler Labine
1,1,0.00418991681751,Tyler Patrick Jones
1,1,-0.0766769387864,Tyler Posey
1,1,-0.0193787500246,Tyrel Jackson Williams
2,1,0.0163904326524,Tyrone Giordano
3,1,0.0470706647912,Uma Thurman
1,1,-0.0382043804709,Usher Raymond
1,1,-0.055848002795,Vahe Bejan
1,1,-0.0263216285471,Valerie Perrine
1,1,-0.0181621995538,Valérie Lemercier
1,1,0.0198209167074,Vanessa Aspillaga
1,1,-0.030943891978,Vanessa Lengies
3,1,-0.0296599574374,Victor Garber
1,1,0.0328827748477,Victor Garrivier
1,1,-0.0111028097014,Victor Pagan
1,1,-0.0344232849625,Victor Slezak
3,1,-0.0639357772457,Vince Vaughn
1,1,0.0462794463769,Vincent Leclerc
1,1,-0.0722364662828,Vincenzo Amato
1,1,-0.000980772980967,Vinnie Jones
1,1,0.0563483279935,Viola Davis
1,1,-0.0998925319718,Vivian Le Borgne
1,1,-0.0523084349611,W. Earl Brown
1,1,0.0394242030078,Wallace Shawn
1,1,-0.0558445625531,Wendi McLendon-Covey
1,1,-0.0165890230362,Wendie Malick
1,1,0.00935297175614,Wendy Anderson
1,1,0.00722710133619,Whitney Cummings
1,1,0.011018748029,Whitney Goin
1,1,-0.000660345115203,Will Arnett
1,1,0.0685584352522,Will McCormack
1,1,0.0133428611367,Will Smith
1,1,-0.0313481582056,William Converse-Roberts
1,1,0.0194674335321,William Fichtner
1,1,0.0465529984414,William Hall Jr.
1,1,-0.0558445625531,William Morgan Sheppard
1,1,-0.00129457635669,William Shatner
1,1,0.157148324532,Willie Garson
1,1,-0.0416602329704,Wilmer Valderrama
1,1,-0.0998925319718,Woody Carter
1,1,-0.0305146549726,Woody Harrelson
2,1,-0.0322640732766,Zac Efron
2,1,0.0389001218126,Zach Galifianakis
1,1,-0.0229009279758,Zachary Knighton
2,1,0.00358121320002,Zak Orth
1,1,-0.0277935442413,Zoe Jarman
1,1,0.0428393647142,Zoe Kazan
1,1,0.0345958684004,Zoe Saldana
3,1,0.0555090161888,Zooey Deschanel
1,1,0.0353203348093,Zoë Kravitz
0,0,-6.51925802231e-09,budget
0,0,0.433089180268,female_votes
0,0,0.00741158579971,time
0,0,-0.0322824671582,year
0,0,-0.0887481395603,content_rating_PG-13
0,0,0.0644635730132,content_rating_R
0,0,0.0184028924864,director_Adam Brooks
0,0,-0.0260950358193,director_Adam Shankman
0,0,0.0516815298117,director_Adrienne Shelly
0,0,-0.0144126437274,director_Alan Poul
0,0,-0.00617049653479,director_Amy Heckerling
0,0,0.0188744604889,director_Anand Tucker
0,0,-0.00338784806954,director_Andy Cadiff
0,0,-0.0403572018725,director_Andy Fickman
0,0,-0.0176385098659,director_Andy Tennant
0,0,0.0353203348093,"director_Anna Boden,"
0,0,0.000892282354107,director_Anne Fletcher
0,0,-0.0306318016393,"director_Anthony Russo,"
0,0,0.0294548095791,director_Bart Freundlich
0,0,-0.00189568649786,director_Ben Younger
0,0,-0.0126685071949,director_Betty Thomas
0,0,-0.102893278033,"director_Bobby Farrelly,"
0,0,0.0190980686104,director_Cameron Crowe
0,0,-0.0485271573844,director_Chris Columbus
0,0,-0.00339270062994,director_Chris Koch
0,0,0.0265699468756,"director_Chris Weitz,"
0,0,0.0197330325774,director_Clare Kilner
0,0,0.0465529984414,director_Colin Trevorrow
0,0,-0.0148656721072,director_Curtis Hanson
0,0,-0.013714079808,director_Dan Mazer
0,0,-0.010229401022,director_David Dobkin
0,0,0.00968627920589,director_David Frankel
0,0,0.0202316015453,director_David O. Russell
0,0,0.0282571577434,"director_David Palmer,"
0,0,-0.00170592054113,director_David Raynr
0,0,-0.0949570255197,director_David Zucker
0,0,-0.047455180801,director_Dennie Gordon
0,0,0.0398709213546,director_Dennis Dugan
0,0,-0.0516882796937,director_Donald Petrie
0,0,-0.0129252898102,director_Edward Zwick
0,0,0.124336289805,director_Eric Schaeffer
0,0,-0.0688151631122,director_Forest Whitaker
0,0,0.00848902302116,director_Frank Coraci
0,0,0.0263832821262,director_Fred Schepisi
0,0,-0.0378250302716,director_Fred Wolf
0,0,0.000687804266797,director_Gabriele Muccino
0,0,-0.00957230333942,director_Garry Marshall
0,0,-0.0363348583084,director_Gary Winick
0,0,0.0386660458997,director_Gil Junger
0,0,0.0371648297744,"director_Glenn Ficarra,"
0,0,-0.0393542932606,director_Glenn Gordon Caron
0,0,0.0285123021886,director_Greg Berlanti
0,0,-0.0429756768202,director_Greg Coolidge
0,0,-0.0165890230362,director_Greg Mottola
0,0,0.00835112184248,director_Gurinder Chadha
0,0,0.0165514201462,director_Harold Ramis
0,0,0.0288441789525,"director_Harry Elfont,"
0,0,0.0147927431882,director_Howard Deutch
0,0,-0.0347042184621,director_Ivan Reitman
0,0,-0.0143642919524,director_James L. Brooks
0,0,0.0563483279935,director_James Mangold
0,0,0.011018748029,director_James Ponsoldt
0,0,0.0269396793011,director_Jamie Linden
0,0,0.0551133607728,director_Jason Moore
0,0,0.0380209227373,director_Jason Reitman
0,0,0.022784160731,director_Jay Roach
0,0,-0.0558445625531,director_Jeff Lowell
0,0,-0.0028227109307,director_Jim Field Smith
0,0,0.0207373158444,director_Joe Nussbaum
0,0,0.0121173964798,director_Joel Zwick
0,0,-0.0190193140282,director_John Hamburg
0,0,0.0165674904032,director_John Hughes
0,0,-0.00664293650068,director_John Madden
0,0,-0.0313481582056,director_John Schultz
0,0,-0.00559538507082,director_Jon Turteltaub
0,0,-0.0136145637374,director_Jonas Elmer
0,0,0.0462794463769,director_Jonathan Levine
0,0,0.0714119891835,director_Josh Boone
0,0,-0.0111028097014,"director_Josh Gordon,"
0,0,-0.0272077132513,director_Judd Apatow
0,0,-0.0453165244864,director_Ken Kwapis
0,0,-0.0195737880218,director_Kirk Jones
0,0,0.0328827748477,director_Lawrence Kasdan
0,0,0.0685584352522,director_Lee Toland Krieger
0,0,-0.0720201271037,director_Leslye Headland
0,0,-0.0998925319718,director_Lisa Azuelos
0,0,-0.0596355121329,director_Luke Greenfield
0,0,-0.0507235769065,director_Marc Lawrence
0,0,0.0193577669299,director_Marc Webb
0,0,0.157148324532,director_Mark Levin
0,0,-0.0108119697399,director_Mark Mylod
0,0,0.0328492423215,director_Mark Palansky
0,0,-0.0249637330848,director_Mark Rosman
0,0,-0.000660345115203,director_Mark Steven Johnson
0,0,-0.0192066592669,director_Mark Waters
0,0,-0.13544813026,director_Martha Coolidge
0,0,0.0330941036236,director_McG
0,0,0.00151883625277,director_Michael Dowse
0,0,0.0077374771015,director_Michael Hoffman
0,0,0.0179530546451,director_Michael Ian Black
0,0,-0.0173373062089,director_Michael Lehmann
0,0,-0.0277531209163,director_Michael Patrick King
0,0,-0.0416602329704,director_Michael Tollin (as Mike Tollin)
0,0,0.0420336449002,director_Michel Gondry
0,0,-0.0279323587527,director_Mike Newell
0,0,0.0745996138005,director_Nancy Meyers
0,0,0.0307652594689,director_Nanette Burstein
0,0,0.0017883976635,director_Nicholas Hytner
0,0,-0.0120443945941,director_Nicholas Stoller
0,0,-0.0140392062375,director_Nick Hurran
0,0,0.0244556835558,director_Nigel Cole
0,0,-0.0247968329393,director_Nora Ephron
0,0,-0.0465347171566,director_P.J. Hogan
0,0,0.0060557423809,director_Paul Feig
0,0,0.00722710133619,director_Paul Weiland
0,0,0.00399447844724,director_Paul Weitz
0,0,-0.0250679191928,"director_Paul Weitz,"
0,0,0.0401229524719,director_Peter Chelsom
0,0,0.0300466175171,director_Peter Howitt
0,0,0.0135502694763,director_Peter Segal
0,0,0.00977719861616,director_Peyton Reed
0,0,0.00455538002455,director_Phyllida Lloyd
0,0,-0.0261882644248,director_Raja Gosnell
0,0,-0.0393681322748,director_Randal Kleiser
0,0,0.0312165421665,director_Richard Curtis
0,0,0.0292109051469,director_Richard LaGravenese
0,0,0.0248915094272,director_Rick Famuyiwa
0,0,0.122024845787,director_Rob Reiner
0,0,-0.0260909203829,director_Robert Iscove
0,0,0.00979477985703,director_Robert Luketic
0,0,-0.0464950310389,director_Roger Kumble
0,0,0.0180146062299,director_Roger Michell
0,0,0.0247297537594,director_Sanaa Hamri
0,0,-0.0374132128751,director_Scott Hicks
0,0,-0.00795357555633,director_Seth Gordon
0,0,-0.0189653618788,"director_Shari Springer Berman,"
0,0,0.0107203157725,director_Sharon Maguire
0,0,-0.0192873078348,director_Shawn Levy
0,0,0.032740002462,director_Stephen Frears
0,0,0.0269239182211,director_Stephen Herek
0,0,0.0429314280697,director_Steve Pink
0,0,-0.0262274504572,director_Thomas Bezucha
0,0,0.048794353325,director_Tim Story
0,0,-0.0193787500246,director_Tom Dey
0,0,-0.0229880191937,director_Tom Gormican
0,0,0.00357978700326,director_Tom Vaughan
0,0,0.0345958684004,director_Tommy O'Haver
0,0,0.0403407642354,director_Tony Goldwyn
0,0,-0.0766769387864,director_Wayne Wang
0,0,0.0932710288921,director_Wes Anderson
0,0,0.00670754255611,director_Will Gluck
0,0,0.0579100172388,director_Woody Allen
0,0,-0.00129457635669,genre_Action Comedy Crime
0,0,0.0515791329141,genre_Action Comedy Romance
0,0,0.0912957491247,genre_Adventure Comedy Drama
0,0,-0.0181621995538,genre_Adventure Comedy Family
0,0,-0.0393681322748,genre_Adventure Comedy Romance
0,0,0.0394242030078,genre_Adventure Family Fantasy
0,0,-0.0705739626835,genre_Comedy
0,0,0.0194674335321,genre_Comedy Crime Romance
0,0,0.0477072019432,genre_Comedy Drama
0,0,-0.047455180801,genre_Comedy Drama Family
0,0,-0.00664293650068,genre_Comedy Drama History
0,0,0.032740002462,genre_Comedy Drama Music
0,0,0.0428431148533,genre_Comedy Drama Romance
0,0,0.00418991681751,genre_Comedy Family Fantasy
0,0,0.00455538002455,genre_Comedy Family Musical
0,0,-0.0968163840114,genre_Comedy Family Romance
0,0,-0.0346888775039,genre_Comedy Fantasy Romance
0,0,0.0462794463769,genre_Comedy Horror Romance
0,0,0.0690792834918,genre_Comedy Music Romance
0,0,-0.00320557905469,genre_Comedy Mystery Romance
0,0,-0.168940532343,genre_Comedy Romance
0,0,-0.0400515536844,genre_Comedy Romance Drama
0,0,0.0244367850453,genre_Comedy Romance Sport
0,0,0.0292109051469,genre_Drama Romance
0,0,0.0420336449002,genre_Drama Romance Sci-Fi
0,0,0.0394242030078,productionco_Act III Communications
0,0,0.0148648280261,productionco_Alcon Entertainment
0,0,0.0269396793011,productionco_Anchor Bay Films
0,0,0.011018748029,productionco_Andrew Lauren Productions (ALP)
0,0,0.0262582976495,productionco_Atlantic Releasing Corporation
0,0,0.0198209167074,productionco_Bad Robot
0,0,0.0551133607728,productionco_Brownstone Productions (II)
0,0,-0.0144126437274,productionco_CBS Films
0,0,0.0371648297744,productionco_Carousel Productions (II)
0,0,0.0961630255163,productionco_Castle Rock Entertainment
0,0,-0.0691699412364,productionco_Columbia Pictures
0,0,0.00102887068591,productionco_Columbia Pictures Corporation
0,0,0.0263832821262,productionco_Columbia Pictures Industries
0,0,0.0300466175171,productionco_Deep River Productions
0,0,-0.0949570255197,productionco_Dimension Films
0,0,-0.0998925319718,productionco_Double Feature Films
0,0,-0.0405124957912,productionco_DreamWorks
0,0,0.000687804266797,productionco_Eclectic Pictures
0,0,0.0685584352522,productionco_Envision Media Arts
0,0,0.0282571577434,productionco_Exclusive Media Group
0,0,0.0294548095791,productionco_Film Department
0,0,0.0465529984414,productionco_FilmDistrict
0,0,0.124336289805,productionco_Five Minutes Before the Miracle
0,0,0.0773539797096,productionco_Focus Features
0,0,-0.0730293878882,productionco_Fox 2000 Pictures
0,0,-0.0485271573844,productionco_Fox Atomic
0,0,0.106999952854,productionco_Fox Searchlight Pictures
0,0,-0.0720201271037,productionco_Gary Sanchez Productions
0,0,-0.0239941334959,productionco_Gold Circle Films
0,0,0.0295112560098,productionco_Gracie Films
0,0,0.0179530546451,productionco_GreeneStreet Films
0,0,0.0604139798236,productionco_Hawn / Sylbert Movie Company
0,0,-0.00559538507082,productionco_Hollywood Pictures
0,0,0.026012347447,productionco_Icon Entertainment International
0,0,0.0932710288921,productionco_Indian Paintbrush
0,0,0.00935297175614,productionco_Inferno Distribution
0,0,0.0714119891835,productionco_Informant Media
0,0,-0.0460983857567,productionco_Jon Shestack Productions
0,0,0.0285123021886,productionco_Josephson Entertainment
0,0,0.00848902302116,productionco_Juno Pix
0,0,0.00835112184248,productionco_Kintop Pictures
0,0,-0.0229009279758,productionco_Lions Gate Films
0,0,-0.0694818060422,productionco_Lionsgate
0,0,0.0195146364295,productionco_Lynda Obst Productions
0,0,-0.0111028097014,productionco_Mandate Pictures
0,0,-0.0393681322748,productionco_Media 8 Entertainment
0,0,0.0579100172388,productionco_Mediapro
0,0,-0.111626039472,productionco_Metro-Goldwyn-Mayer (MGM)
0,0,-0.0385890312188,productionco_Miramax
0,0,0.0207373158444,productionco_Morgan Creek Productions
0,0,-0.0873803450859,productionco_New Line Cinema
0,0,-0.134177852997,productionco_New Regency Pictures
0,0,0.0516815298117,productionco_Night and Day Pictures
0,0,0.0330941036236,productionco_Overbrook Entertainment
0,0,-0.0458588257388,productionco_Paramount Pictures
0,0,-0.0279323587527,productionco_PolyGram Filmed Entertainment
0,0,0.0310764643702,productionco_Polygram Filmed Entertainment
0,0,-0.00189568649786,productionco_Prime Film Productions LLC
0,0,0.012113460088,productionco_Punch 21 Productions
0,0,-0.101380497712,productionco_Regency Enterprises
0,0,-0.116664786049,productionco_Revolution Studios
0,0,0.00151883625277,productionco_Rogue Pictures
0,0,0.0984333239508,productionco_Screen Gems
0,0,-0.013714079808,productionco_StudioCanal
0,0,0.0771534089309,productionco_Summit Entertainment
0,0,-0.00806525090342,productionco_The Family Stone
0,0,0.0159520804204,productionco_Touchstone Pictures
0,0,-0.0229880191937,productionco_Treehouse Pictures
0,0,-0.0948720110985,productionco_TriStar Pictures
0,0,0.0379093181981,productionco_Twentieth Century Fox Film Corporation
0,0,-0.00503698106268,productionco_Universal Pictures
0,0,-0.097468946608,productionco_Warner Bros.
0,0,0.00126623966652,productionco_Weinstein Company
0,0,0.00935297175614,writer_Adam 'Tex' Davis
0,0,0.051285667334,writer_Adam Brooks
0,0,-0.0250679191928,writer_Adam Herz
0,0,0.00722710133619,writer_Adam Sztykiel
0,0,0.0516815298117,writer_Adrienne Shelly
0,0,0.0395145326753,writer_Aline Brosh McKenna
0,0,0.0287681116532,writer_Allan Loeb
0,0,0.0305721610909,writer_Amanda Brown
0,0,-0.00617049653479,writer_Amy Heckerling
0,0,0.0262582976495,writer_Andrew Lane
0,0,0.012113460088,writer_Andrew Lowery
0,0,0.0353203348093,writer_Anna Boden
0,0,-0.0393542932606,writer_Arleen Sorkin
0,0,0.0482785470223,writer_Audrey Wells
0,0,0.0294548095791,writer_Bart Freundlich
0,0,-0.00189568649786,writer_Ben Younger
0,0,0.0372221975287,writer_Bert V. Royal
0,0,-0.0165707052023,writer_Bob DeRosa
0,0,0.0190980686104,writer_Cameron Crowe
0,0,-0.0374132128751,writer_Carol Fuchs
0,0,0.00455538002455,writer_Catherine Johnson
0,0,0.0207373158444,writer_Chad Gomez Creasey
0,0,-0.0129252898102,writer_Charles Randolph
0,0,0.0420336449002,writer_Charlie Kaufman
0,0,0.0244556835558,writer_Colin Patrick Lynch
0,0,0.0371648297744,writer_Dan Fogelman
0,0,-0.013714079808,writer_Dan Mazer
0,0,0.00357978700326,writer_Dana Fox
0,0,-0.00559538507082,writer_Daniel G. Sullivan
0,0,0.0165514201462,writer_Danny Rubin
0,0,-0.000660345115203,writer_David Diamond
0,0,-0.0949570255197,writer_David Dorfman
0,0,0.0202316015453,writer_David O. Russell
0,0,-0.0486772830815,writer_David Wagner
0,0,0.0282571577434,writer_Dax Shepard
0,0,0.0477186394414,writer_Deborah Kaplan
0,0,0.0465529984414,writer_Derek Connolly
0,0,-0.00338784806954,writer_Derek Guiley
0,0,0.0380209227373,writer_Diablo Cody
0,0,-0.0429756768202,writer_Don Calame
0,0,-0.0073160015975,writer_Douglas J. Eboch
0,0,-0.0523084349611,writer_Ed Decter
0,0,0.0263832821262,writer_Edmond Rostand
0,0,-0.0347042184621,writer_Elizabeth Meriwether
0,0,0.0197330325774,writer_Elizabeth Young
0,0,-0.0189653618788,writer_Emma McLaughlin
0,0,0.124336289805,writer_Eric Schaeffer
0,0,-0.000980772980967,writer_Ewan Leslie
0,0,-0.0108119697399,writer_Gabrielle Allan
0,0,0.026012347447,writer_Geoff Deane
0,0,0.0307652594689,writer_Geoff LaTulippe
0,0,0.0135502694763,writer_George Wing
0,0,-0.0344232849625,writer_Greg DePaul
0,0,0.0193914601011,writer_Greg Glienna
0,0,-0.0165890230362,writer_Greg Mottola
0,0,0.00835112184248,writer_Gurinder Chadha
0,0,0.0107203157725,writer_Helen Fielding
0,0,-0.0699083397666,writer_I. Marlene King
0,0,0.0285123021886,writer_Ian Deitchman
0,0,-0.016776618215,writer_J.F. Lawton
0,0,0.00151883625277,writer_Jackie Filgo
0,0,-0.0143642919524,writer_James L. Brooks
0,0,0.0269396793011,writer_Jamie Linden
0,0,-0.221417837762,writer_Jason Friedberg
0,0,-0.0120443945941,writer_Jason Segel
0,0,-0.0208556896368,writer_Jeff Arch
0,0,-0.068513069748,writer_Jeff Lowell
0,0,-0.0109582290513,writer_Jennie Snyder Urman
0,0,0.157148324532,writer_Jennifer Flackett
0,0,-0.0148656721072,writer_Jennifer Weiner
0,0,-0.0457528006674,writer_Jeremy Garelick
0,0,-0.0688151631122,writer_Jessica Bendinger
0,0,-0.017642284873,writer_John Claflin
0,0,-0.0190193140282,writer_John Hamburg
0,0,-0.0685696329345,writer_John Hughes
0,0,-0.00320557905469,writer_John J. Strauss
0,0,-0.138805499933,writer_John Quaintance
0,0,0.0269239182211,writer_John Scott Shepherd
0,0,-0.0460983857567,writer_Jon Lucas
0,0,0.0462794463769,writer_Jonathan Levine
0,0,0.0232529277396,writer_Jordan Cahan
0,0,-0.00197527976747,writer_Jose Rivera
0,0,0.0714119891835,writer_Josh Boone
0,0,-0.0262579221254,writer_Josh Goldsmith
0,0,0.0194674335321,writer_Josh Klausner
0,0,-0.0272077132513,writer_Judd Apatow
0,0,0.00361891112546,writer_Karen Leigh Hopkins
0,0,0.000841015628087,writer_Karen McCullah
0,0,-0.0144126437274,writer_Kate Angelo
0,0,-0.0444159628189,writer_Katherine Fugate
0,0,0.0551133607728,writer_Kay Cannon
0,0,0.0182796983524,writer_Keith Merryman
0,0,-0.0136145637374,writer_Ken Rance
0,0,0.0133428611367,writer_Kevin Bisch
0,0,-0.0416602329704,writer_Kevin Falls
0,0,-0.0175229802451,writer_Kim Barker
0,0,0.0060557423809,writer_Kristen Wiig
0,0,-0.0485271573844,writer_Larry Doyle
0,0,0.0403407642354,writer_Laura Zigman
0,0,0.00598015889327,writer_Leigh Dunlap
0,0,0.0328492423215,writer_Leslie Caveny
0,0,0.0604139798236,writer_Leslie Dixon
0,0,-0.029088699034,writer_Leslye Headland
0,0,-0.0998925319718,writer_Lisa Azuelos
0,0,0.0401229524719,writer_Marc Klein
0,0,-0.0520181532632,writer_Marc Lawrence
0,0,-0.00664293650068,writer_Marc Norman
0,0,-0.0229009279758,writer_Mark Amin
0,0,-0.00170592054113,writer_Mark Schwahn
0,0,-0.00795357555633,writer_Matt Allen
0,0,-0.0400515536844,writer_Melissa Carter
0,0,0.0247297537594,writer_Michael Elliot
0,0,0.0179530546451,writer_Michael Ian Black
0,0,-0.0306318016393,writer_Michael LeSieur
0,0,-0.030943891978,writer_Michael McQuown
0,0,-0.0277531209163,writer_Michael Patrick King
0,0,0.0195146364295,writer_Michele Alexander
0,0,-0.00394114330254,writer_Miklós László
0,0,-0.0393764288916,writer_Moe Jelline
0,0,0.100921242348,writer_Nancy Meyers
0,0,-0.055848002795,writer_Nancy Pimental
0,0,0.0121173964798,writer_Nia Vardalos
0,0,0.0555299992836,writer_Nicholas Stoller
0,0,0.0593099493376,writer_Nick Hornby
0,0,0.0120147983201,writer_Nicole Eastman
0,0,-0.000155505530644,writer_Nora Ephron
0,0,-0.0260950358193,writer_Pamela Falk
0,0,-0.00879370212911,writer_Patrick J. Clifton
0,0,0.0563483279935,writer_Patrick O'Neill
0,0,0.00399447844724,writer_Paul Weitz
0,0,0.0209315631091,writer_Peter Chiarelli
0,0,0.0300973055445,writer_Peter Tolan
0,0,-0.00360851207046,writer_R. Lee Fleming Jr.
0,0,0.0685584352522,writer_Rashida Jones
0,0,0.00147787293635,writer_Richard Curtis
0,0,0.0292109051469,writer_Richard LaGravenese
0,0,-0.0692347643566,writer_Rob Perez
0,0,0.113513430903,writer_Rob Reiner
0,0,0.000687804266797,writer_Robbie Fox
0,0,0.00418991681751,writer_Ron Burch
0,0,-0.0186165984987,writer_Ronald Bass
0,0,-0.0387547413669,writer_Sam Harper
0,0,-0.0495497512442,writer_Sarah Thorp
0,0,-0.0505848430723,writer_Scot Armstrong
0,0,0.0303765149589,writer_Scott Neustadter
0,0,-0.0028227109307,writer_Sean Anders
0,0,-0.0195737880218,writer_Shauna Cross
0,0,-0.0393681322748,writer_Stephen Langford
0,0,0.0017883976635,writer_Stephen McCauley
0,0,-0.010229401022,writer_Steve Faber
0,0,0.043526666712,writer_Susannah Grant
0,0,-0.0307572825928,writer_Ted Griffin
0,0,0.0077374771015,writer_Terrel Seltzer
0,0,-0.0262274504572,writer_Thomas Bezucha
0,0,0.00848902302116,writer_Tim Herlihy
0,0,0.0330941036236,writer_Timothy Dowling
0,0,-0.0313481582056,writer_Todd Strasser
0,0,-0.0229880191937,writer_Tom Gormican
0,0,-0.0193787500246,writer_Tom J. Astle
0,0,-0.0279181186578,writer_Tracey Jackson
0,0,-0.0162214743516,writer_Victor Levin
0,0,0.0248915094272,writer_Wayne Conley
0,0,0.0932710288921,writer_Wes Anderson
0,0,-0.047455180801,writer_William Douglas-Home
0,0,0.0394242030078,writer_William Goldman
0,0,0.0579100172388,writer_Woody Allen
